<batch>
    <batchstep method="io.github.mzmine.modules.io.rawdataimport.RawDataImportModule">
        <parameter name="Raw data file names">
            <file>/Users/joewandy/Work/git/vimms/examples/02. DDA Strategies (Davies et al 2020)/01_Model_Optimisation/SmartROI/from_controller_TopN_QCB.mzML</file>
        </parameter>
    </batchstep>
    <batchstep method="io.github.mzmine.modules.dataprocessing.filter_cropfilter.CropFilterModule">
        <parameter name="Raw data files" type="BATCH_LAST_FILES" />
        <parameter name="Scans">
            <retention_time>
                <min>0.5</min>
                <max>30.0</max>
            </retention_time>
            <scan_definition />
        </parameter>
        <parameter name="m/z">
            <min>50.0</min>
            <max>1060.0</max>
        </parameter>
        <parameter name="Suffix">filtered</parameter>
        <parameter name="Remove source file after filtering">false</parameter>
    </batchstep>
    <batchstep method="io.github.mzmine.modules.dataprocessing.featdet_massdetection.MassDetectionModule">
        <parameter name="Raw data files" type="BATCH_LAST_FILES" />
        <parameter name="Scans">
            <ms_level>1</ms_level>
        </parameter>
        <parameter name="Mass detector" selected="Centroid">
            <module name="Centroid">
                <parameter name="Noise level">500.0</parameter>
            </module>
            <module name="Exact mass">
                <parameter name="Noise level" />
            </module>
            <module name="Local maxima">
                <parameter name="Noise level" />
            </module>
            <module name="Recursive threshold">
                <parameter name="Noise level" />
                <parameter name="Min m/z peak width" />
                <parameter name="Max m/z peak width" />
            </module>
            <module name="Wavelet transform">
                <parameter name="Noise level" />
                <parameter name="Scale level" />
                <parameter name="Wavelet window size (%)" />
            </module>
        </parameter>
        <parameter name="Mass list name">masses</parameter>
        <parameter name="Output netCDF filename (optional)" selected="false" />
    </batchstep>
    <batchstep method="io.github.mzmine.modules.dataprocessing.featdet_massdetection.MassDetectionModule">
        <parameter name="Raw data files" type="BATCH_LAST_FILES" />
        <parameter name="Scans">
            <ms_level>2</ms_level>
            <scan_definition />
        </parameter>
        <parameter name="Mass detector" selected="Centroid">
            <module name="Centroid">
                <parameter name="Noise level">0.0</parameter>
            </module>
            <module name="Exact mass">
                <parameter name="Noise level" />
            </module>
            <module name="Local maxima">
                <parameter name="Noise level" />
            </module>
            <module name="Recursive threshold">
                <parameter name="Noise level" />
                <parameter name="Min m/z peak width" />
                <parameter name="Max m/z peak width" />
            </module>
            <module name="Wavelet transform">
                <parameter name="Noise level" />
                <parameter name="Scale level" />
                <parameter name="Wavelet window size (%)" />
            </module>
        </parameter>
        <parameter name="Mass list name">masses</parameter>
        <parameter name="Output netCDF filename (optional)" selected="false" />
    </batchstep>
    <batchstep method="io.github.mzmine.modules.dataprocessing.featdet_ADAPchromatogrambuilder.ADAPChromatogramBuilderModule">
        <parameter name="Raw data files" type="BATCH_LAST_FILES" />
        <parameter name="Scans">
            <ms_level>1</ms_level>
        </parameter>
        <parameter name="Mass list">masses</parameter>
        <parameter name="Min group size in # of scans">3</parameter>
        <parameter name="Group intensity threshold">500.0</parameter>
        <parameter name="Min highest intensity">500.0</parameter>
        <parameter name="m/z tolerance">
            <absolutetolerance>0.01</absolutetolerance>
            <ppmtolerance>10.0</ppmtolerance>
        </parameter>
        <parameter name="Suffix">chromatograms</parameter>
    </batchstep>
    <batchstep method="io.github.mzmine.modules.dataprocessing.featdet_chromatogramdeconvolution.DeconvolutionModule">
        <parameter name="Feature lists" type="BATCH_LAST_PEAKLISTS" />
        <parameter name="Suffix">deconvoluted</parameter>
        <parameter name="Algorithm" selected="Wavelets (ADAP)">
            <module name="Baseline cut-off">
                <parameter name="Min peak height" />
                <parameter name="Peak duration range (min)">
                    <min>0.0</min>
                    <max>10.0</max>
                </parameter>
                <parameter name="Baseline level" />
            </module>
            <module name="Noise amplitude">
                <parameter name="Min peak height" />
                <parameter name="Peak duration range (min)">
                    <min>0.0</min>
                    <max>10.0</max>
                </parameter>
                <parameter name="Amplitude of noise" />
            </module>
            <module name="Savitzky-Golay">
                <parameter name="Min peak height" />
                <parameter name="Peak duration range (min)">
                    <min>0.0</min>
                    <max>10.0</max>
                </parameter>
                <parameter name="Derivative threshold level" />
            </module>
            <module name="Local minimum search">
                <parameter name="Chromatographic threshold" />
                <parameter name="Search minimum in RT range (min)" />
                <parameter name="Minimum relative height" />
                <parameter name="Minimum absolute height" />
                <parameter name="Min ratio of peak top/edge" />
                <parameter name="Peak duration range (min)">
                    <min>0.0</min>
                    <max>10.0</max>
                </parameter>
            </module>
            <module name="Wavelets (XCMS)">
                <parameter name="S/N threshold">10.0</parameter>
                <parameter name="Wavelet scales">
                    <min>0.25</min>
                    <max>5.0</max>
                </parameter>
                <parameter name="Peak duration range">
                    <min>0.0</min>
                    <max>10.0</max>
                </parameter>
                <parameter name="Peak integration method">Use smoothed data</parameter>
                <parameter name="R engine">RCaller</parameter>
            </module>
            <module name="Wavelets (ADAP)">
                <parameter name="S/N threshold">10.0</parameter>
                <parameter name="S/N estimator" selected="Intensity window SN">
                    <module name="Intensity window SN" />
                    <module name="Wavelet Coeff. SN">
                        <parameter name="Peak width mult.">3.0</parameter>
                        <parameter name="abs(wavelet coeffs.)">true</parameter>
                    </module>
                </parameter>
                <parameter name="min feature height">10.0</parameter>
                <parameter name="coefficient/area threshold">1.0</parameter>
                <parameter name="Peak duration range">
                    <min>0.0</min>
                    <max>5.0</max>
                </parameter>
                <parameter name="RT wavelet range">
                    <min>0.1</min>
                    <max>1.0</max>
                </parameter>
            </module>
        </parameter>
        <parameter measure="MEDIAN" name="m/z center calculation" weighting="NONE">CenterFunction</parameter>
        <parameter name="m/z range for MS2 scan pairing (Da)" selected="true">0.01</parameter>
        <parameter name="RT range for MS2 scan pairing (min)" selected="true">0.2</parameter>
        <parameter name="Remove original feature list">true</parameter>
    </batchstep>
    <batchstep method="io.github.mzmine.modules.dataprocessing.filter_deisotoper.IsotopeGrouperModule">
        <parameter name="Feature lists" type="BATCH_LAST_PEAKLISTS" />
        <parameter name="Name suffix">deisotoped</parameter>
        <parameter name="m/z tolerance">
            <absolutetolerance>0.01</absolutetolerance>
            <ppmtolerance>10.0</ppmtolerance>
        </parameter>
        <parameter name="Retention time tolerance" type="absolute">0.1</parameter>
        <parameter name="Monotonic shape">false</parameter>
        <parameter name="Maximum charge">2</parameter>
        <parameter name="Representative isotope">Most intense</parameter>
        <parameter name="Remove original peaklist">true</parameter>
    </batchstep>
    <batchstep method="io.github.mzmine.modules.io.csvexport.CSVExportModule">
        <parameter name="Feature lists" type="BATCH_LAST_PEAKLISTS" />
        <parameter name="Filename">
            <current_file>/Users/joewandy/Work/git/vimms/examples/02. DDA Strategies (Davies et al 2020)/01_Model_Optimisation/SmartROI/from_controller_TopN_QCB_box.csv</current_file>
            <last_file>replace_me</last_file>
        </parameter>
        <parameter name="Field separator">,</parameter>
        <parameter name="Export common elements">
            <item>Export row ID</item>
            <item>Export row m/z</item>
            <item>Export row retention time</item>
            <item>Export row identity (main ID)</item>
            <item>Export row identity (all IDs)</item>
            <item>Export row identity (main ID + details)</item>
            <item>Export row comment</item>
            <item>Export row number of detected peaks</item>
        </parameter>
        <parameter name="Export data file elements">
            <item>Peak status</item>
            <item>Peak name</item>
            <item>Peak m/z</item>
            <item>Peak RT</item>
            <item>Peak RT start</item>
            <item>Peak RT end</item>
            <item>Peak duration time</item>
            <item>Peak height</item>
            <item>Peak area</item>
            <item>Peak charge</item>
            <item>Peak # data points</item>
            <item>Peak FWHM</item>
            <item>Peak tailing factor</item>
            <item>Peak asymmetry factor</item>
            <item>Peak m/z min</item>
            <item>Peak m/z max</item>
        </parameter>
        <parameter name="Export quantitation results and other information">false</parameter>
        <parameter name="Identification separator">;</parameter>
        <parameter name="Filter rows">ALL</parameter>
    </batchstep>
</batch>